[,1
help,19
your,40
school,2
office,1
or,58
community,5
get,25
to,519
grips,1
with,99
the,909
latest,7
coronavirus,83
advice,4
by,83
downloading,1
these,8
a3,1
posters,1
and,379
sticking,1
them,23
around,26
public,17
health,28
experts,3
say,18
best,7
way,10
try,3
stay,8
is,155
well,21
start,1
washing,2
hands,1
if,32
you,177
do,45
feel,10
unwell,2
don't,1
go,29
gp,1
follow,3
steps,7
here's,1
a,358
reminder,1
of,385
three,5
key,6
n,7
'york,1
minster,6
has,75
been,74
closed,8
until,4
further,7
notice,1
amid,2
outbreak,18
's,149
old,6
palace,2
museum,3
library,1
archives,1
in,287
dean,3
park,6
have,105
also,50
shut,1
but,88
an,65
open,5
space,2
opposite,2
cathedral,1
would,40
remain,1
governing,2
body,1
chapter,2
york,5
said,70
events,5
concerts,2
programmes,4
be,114
affected,8
its,32
decision,5
regularly,2
reviewed,1
it,215
follows,2
announcement,2
archbishops,1
canterbury,1
statement,12
closure,3
applied,1
many,16
even,20
though,2
will,32
clergy,1
still,10
maintain,1
pattern,1
daily,4
prayer,2
praying,1
for,164
needs,3
nation,2
our,29
world,28
at,60
this,57
time,20
right,3
revd,1
dr,6
jonathan,1
frost,1
said:,5
we,50
find,8
ourselves,2
unprecedented,2
times,7
same,6
disciplines,1
mutual,2
care,8
that,228
life,7
giving,2
past,9
now,25
serve,1
us,27
future,5
i,232
'm,25
aware,5
communities,3
across,9
north,26
there,60
are,97
plans,11
developing,2
aid,2
taking,6
neighbours,1
particularly,1
most,14
vulnerable,7
needy,1
n',64
dã¨,1
na,2
duilgheadasan,1
agus,1
buannachdan,1
th',1
ann,2
bhith,1
ag,1
obair,1
bhon,1
taigh,1
'life,1
under,8
corona,35
virus,62
filling,1
forms,1
ni,1
no,41
more,30
headers,1
kids,4
live,13
debate,8
examining,1
moral,1
issues,2
behind,3
one,48
week's,1
news,22
stories,6
'pat,1
takes,2
through,13
morning,1
special,2
guests,2
great,4
music,6
'the,8
organization,6
says,21
must,4
alert,2
hottest,1
science,1
analysis,3
from,80
karl,1
ikiganiro,1
ku,1
ndwara,1
ya,1
covid,15
19,17
iterwa,1
n'agakoko,1
gashya,1
ko,1
mu,1
bwoko,1
bwa,1
chinese,21
worker,1
speaks,1
newshour,1
china's,2
'fever,1
clinics',1
'indonesia,2
tingkatkan,1
penelusuran,1
orang,5
yang,4
berkontak,1
dengan,2
pasien,2
'merseyside,1
police,7
reviewing,2
continuity,2
ensure,6
remains,1
efficient,2
effective,3
after,27
chief,8
constable,2
announced,4
he,76
was,151
self,10
isolating,3
due,4
andy,1
cooke,2
working,5
home,9
line,4
national,6
guidance,1
symptoms,4
force,6
putting,3
measures,7
place,13
everything,7
possible,6
protect,6
staff,9
mr,8
added,3
going,44
tough,8
ride,3
all,37
organisations,3
remained,2
contact,12
his,36
senior,4
team,2
partners,2
nationally,2
doing,5
can,41
keep,1
up,31
speed,1
challenges,1
spread,19
officers,5
supervisors,1
business,3
so,95
deliver,2
policing,1
service,4
local,7
big,12
small,4
spokesman,2
currently,4
encouraging,2
use,10
alternative,2
ways,4
contacting,1
non,4
emergency,4
demand,2
on,138
101,1
number,10
continues,2
high,2
current,7
climate,2
want,23
people,74
who,56
need,15
able,5
hold,3
crime,1
anti,6
social,14
behaviour,3
fraud,1
lost,4
found,5
property,1
road,5
traffic,3
incident,4
missing,1
person,7
civil,1
disputes,1
stolen,1
vehicles,1
could,27
reported,6
via,1
website,2
media,11
'what,1
make,16
government,33
response,4
'5,1
contract,1
alps,1
briton,1
had,62
travelled,2
singapore,1
mencatat,2
kematian,1
pertama,2
merupakan,1
warga,1
negara,2
asing,1
floorfillers,4
party,8
anthems,4
dance,4
legends,4
presented,5
richard,4
latto,4
'pemerintah,2
indonesia,5
13,2
baru,3
positif,1
terjangkit,1
'impact,1
itlay,1
'coronavirus,1
what,46
'motoring,1
journalist,5
mark,1
james,1
talks,1
about,63
how,27
impacts,1
car,5
industry,9
'versi,4
podcast,7
siaran,4
berita,4
pagi,4
bbc,12
'do,1
know,19
when,40
isolate,2
'how,1
affecting,3
changed,1
'who,3
memperingatkan,1
upaya,1
memerangi,1
mencapai,1
titik,1
menentukan,1
'is,1
starting,1
change,10
'stars,1
including,8
coldplay,3
yungblud,2
christine,2
queens,2
streaming,1
gigs,3
combat,3
boredom,1
isolation,7
chris,2
martin,2
played,3
impromptu,1
set,8
instagram,11
fans,9
',12
questions,4
covering,1
david,4
bowie,1
mars,1
country,15
singer,4
keith,1
urban,1
went,26
wife,2
nicole,1
kidman,1
background,1
referred,3
film,2
star,6
as,86
audience,3
end,19
youtube,12
post,18
shared,10
@keithurban,1
keithurban,1
punk,2
pop,4
put,6
ambitious,2
hour,4
long,8
show,9
la,1
mosh,1
empty,3
room,5
bed,2
kitchen,1
table,1
couch,1
jump,2
exclaimed,1
musician,2
staring,3
down,11
barrel,1
camera,2
recent,3
single,3
anarchist,1
concert,2
pulled,1
together,8
just,29
72,1
hours,3
upcoming,1
tour,7
postponed,3
concerns,3
stream,3
included,3
cooking,1
segment,1
comedy,1
drinking,1
game,3
featuring,1
actress,1
bella,1
thorne,1
rapper,1
machine,2
gun,2
kelly,2
beer,3
they,118
chose,1
course,6
wanted,4
give,6
bit,9
positivity,1
laughter,1
emotion,1
midst,1
epidemic,2
helped,2
him,13
positive,8
having,13
opportunity,3
connect,1
taken,10
away,10
me,43
wasn,5
't,81
gonna,1
option,2
not,77
think,25
out,38
box,1
bad,5
situations,1
despair,1
comes,6
incredible,2
art,2
matter,1
form,4
may,12
similar,3
approach,4
staging,1
nightly,1
shows,9
ferber,1
recording,5
studio,2
paris,1
why,9
meet,2
everyday,1
6pm,1
est,1
my,24
wrote,2
message,8
'll,11
deal,10
ennui,1
weird,1
concepts,1
first,17
video,19
series,2
saw,3
perform,2
acoustic,1
version,2
her,6
've,14
sad,1
followed,3
operator,1
squeaky,1
bicycle,1
@christineandthequeens,1
christineandthequeens,1
idea,6
picked,2
theatres,3
too,6
cast,1
west,2
improv,1
showstoppers,1
broadcasting,1
tuesday,7
performance,1
facebook,14
lyric,2
theatre,1
audiences,1
other,23
artists,9
planning,6
include,4
celtic,1
band,6
dropkick,1
murphys,1
their,44
st,2
patricks,1
day,13
gig,1
twitter,8
twitch,1
l,2
devine,1
honour,1
every,8
date,2
european,10
house;,1
while,16
john,1
legend,1
example,2
organised,1
organisation,3
banner,2
provide,9
much,10
needed,2
creative,1
outlet,2
sense,4
alike;,1
loss,1
income,2
touring,2
circuit,1
effectively,3
shuts,1
venues,2
royal,4
albert,1
hall,5
which,31
step,3
financially,2
devastating,1
doors,3
made,6
goes,3
against,15
nature,1
close,3
aren,4
normal,5
unique,3
situation,9
where,13
closing,1
look,13
last,8
week,8
before,22
recommended,3
should,8
avoid,10
pubs,2
clubs,2
such,12
venue,1
trust,1
27%,1
downturn,1
attendance,1
uk,12
association,2
independent,2
festivals,4
ticket,1
sales,1
members,6
were,57
44%,1
compared,1
point,7
year,20
mention,1
crew,2
making,3
living,2
financial,6
impact,6
severe,1
some,25
estimates,2
suggest,4
lose,5
$5bn,1
during,2
indie,1
frank,2
turner,1
raise,1
cash,4
family,3
straits,1
welsh,3
folk,1
calan,1
took,6
different,8
clothes,1
recoup,1
â£5,1
000,9
cancelled,5
elsewhere,2
campaigns,1
mounted,1
support,8
smaller,1
scale,1
buying,3
merchandise,2
funding,2
directly,2
sites,3
like,32
patreon,1
venmo,1
guide,2
started,6
promote,1
might,3
struggling,1
house,2
lords,1
baroness,2
barran,2
department,1
digital,1
culture,1
sport,1
arts,1
entertainment,2
safety,5
reasons,1
unable,1
claim,5
insurance,6
because,49
ordered,2
liberal,1
democrat,1
lord,3
clement,1
jones,2
asked:,1
consideration,1
given,6
ability,1
hospitality,1
companies,5
interruption,2
policies,1
customers,1
advised,2
order,2
answered:,1
understands,1
industries,1
indeed,1
very,9
profound,1
british,4
insurers,2
vast,1
majority,2
businesses,4
covered,1
type,2
secretary,4
state,6
afternoon,1
calls,1
sure,4
lines,1
communication,1
meanwhile,6
potentially,3
being,29
exposed,2
charli,1
xcx,1
she,12
herself,1
lockdown,1
finishing,1
touches,1
new,24
album,1
workaholic,1
quarantine,4
quite,19
stressful,1
yes,5
creating,2
mood,2
boards,1
ideas,2
videos,6
thinking,10
changes,4
songs,1
re,3
vocals,1
better,6
generally,2
feeling,3
purposeless,1
dj,1
producer,2
diplo,2
imposed,1
coming,5
into,11
hundreds,1
four,6
weeks,9
posted,8
heartbreaking,1
himself,4
separated,1
two,29
young,3
sons,1
glass,1
door,2
caption:,1
build,1
legos,1
watch,3
movies,1
window,1
listen,1
play,5
drums,1
sing,1
hurts,1
miss,1
sacrifice,1
everyone,14
safe,3
@diplo,1
'volunteers,1
wales,3
those,16
arrange,1
assistance,1
councils,2
residents,3
includes,3
shopping,3
dog,1
walking,5
400,1
churches,1
belonging,1
union,3
independents,2
urged,1
draw,1
parishioners,1
died,4
monday,2
essential,1
travel,5
told,14
work,8
next,7
weekend,2
serious,4
conditions,5
largely,2
shielded,1
12,1
ivor,1
pike,1
port,1
talbot,1
underlying,1
mobility,1
problems,4
managed,2
dried,1
milk,3
powder,1
uht,1
myself,3
80,2
am,5
food,1
nobody,1
councillor,2
concerned,2
tony,2
panes,1
77,1
rudry,2
caerphilly,1
county,1
chest,1
already,7
keeping,4
others,6
minimum,1
something,18
happening,2
afraid,2
draethen,1
waterloo,1
jayne,1
garland,1
loneliness,1
issue,2
older,3
added:,2
lady,1
phone,3
chat,1
mainly,3
scared,1
saying,6
here,11
talk,4
groups,9
sprouted,1
blaenau,2
gwent,2
page,6
elderly,3
means,7
obtaining,1
essentials,1
area,3
called,8
pull,1
really,16
bala,1
gwynedd,1
store,1
shop,2
kel,1
coordinating,1
volunteers,2
anyone,5
items,2
collected,1
everybody,2
pulling,1
trying,5
offer,4
less,7
fortunate,1
nicholson,1
runs,2
rev,1
dyfrig,1
rees,1
general,7
're,30
upon,2
compassion,1
neighbour,2
'd,13
never,6
anticipated,1
month,5
ago,8
sick,1
lonely,1
distressed,2
grieving,1
terrible,1
infection,4
joining,1
forces,1
penny,1
monmouthshire,1
council,2
cabinet,1
member,4
services,2
fantastic,1
bridgend,1
leader,6
huw,1
lot,5
forward,2
'has,1
any,20
'several,1
countries,4
cases,15
'wakil,1
menteri,1
kesehatan,3
iran,2
terinfeksi,1
di,2
tengah,1
tekanan,1
penangangan,1
wabah,1
'untuk,1
kalinya,1
jumlah,1
kasus,1
lebih,1
banyak,1
terjadi,1
luar,1
china,34
'south,1
korea,24
declares,1
highest,2
infections,4
surge,2
'china,2
menyatakan,1
adalah,1
darurat,2
terburuk,1
dalam,2
sejarah,1
itu,1
'a,3
group,12
girls,2
london,11
quarantined,7
abandoned,1
vietnamese,1
hospital,13
sane,1
documenting,1
sisters,1
lucy,2
alice,1
parker,1
22,2
25,2
friend,3
hanna,1
ahlberg,1
23,1
traced,1
ha,1
bay,1
hostel,1
authorities,9
days,10
disembarked,1
plane,2
passenger,2
tested,5
graphic,3
designers,1
drawing,2
cartoons,1
central,5
bank,3
ecb,12
tackle,1
economic,12
offering,1
cheap,3
loans,4
commercial,3
banks,9
encourage,1
lend,2
expanding,3
quantitative,2
easing,2
programme,5
assets,2
newly,3
created,8
money,14
unlike,1
leading,3
did,36
cut,3
interest,3
rates,5
stocks,1
fell,2
gloomy,1
session,1
seems,4
grabbed,1
immediate,1
attention,1
markets,4
several,6
notably,1
federal,3
reserve,2
england,5
damage,3
mounting,1
result,2
efforts,3
address,1
crisis,6
economists,1
questioned,1
value,1
rate,4
cuts,2
specific,2
case,9
sets,2
policy,1
eurozone,1
below,2
zero,2
deposit,2
applies,1
extra,2
held,4
stands,2
minus,2
0,2
5%,1
effect,1
pay,3
excess,1
funds,2
critics,1
makes,4
harder,1
profitable,1
leaves,1
firms,2
households,2
move,4
aggravate,1
problem,11
observers,1
therefore,2
thought,8
reluctant,1
take,16
lower,2
although,3
prevent,7
registering,1
disappointment,1
nonetheless,1
intended,1
contain,4
lending,2
particular,2
medium,1
sized,1
enterprises,1
rather,7
convoluted,1
formula,1
low,4
75%,1
does,9
create,3
kind,27
negative,5
paid,3
borrow,1
wants,6
expand,3
common,2
theme,2
responses,1
smes,1
especially,4
revenue,1
disrupted,2
cafe,1
massive,1
drop,1
customer,1
numbers,1
manufacturer,1
deliveries,1
raw,1
materials,1
interrupted,1
payments,1
employees,1
landlords,1
suppliers,1
tax,1
agencies,3
short,2
term,1
credit,2
difference,5
total,3
â‚¬120m,1
involves,2
emphasising,1
private,6
sector,2
part,7
buys,1
bonds,1
argues,1
favourable,1
financing,1
real,3
economy,6
available,1
'nine,1
months,5
20,2
democratic,9
candidates,8
gathered,1
2020,3
primary,4
season,1
come,7
bernie,2
sanders,19
joe,2
biden,15
circumstances,1
expect,3
sombre,1
respectful,1
disagreements,1
instead,2
feisty,1
affair,1
attack,3
years,7
unsuccessful,1
presidential,2
campaign,2
hillary,1
clinton,1
revolution,3
ropes,1
candidate,1
few,12
considered,1
front,6
runner,1
isn,3
without,4
fight,4
both,3
discussed,1
personal,2
risk,5
individuals,4
contracting,2
limiting,1
contacts,3
remotely,1
holding,2
online,4
rallies,1
forums,1
septuagenarian,1
flubs,1
2009,2
swine,1
flu,2
n1hi,1
h1n1,1
repeatedly,2
ebola,1
promising,1
choose,1
woman,5
vice,1
running,1
mate,1
win,4
nomination,1
wouldn,2
commitment,1
strong,2
tendency,1
direction,1
moments,1
conflicts,1
unsurprisingly,1
pandemic,2
addressing,1
dominated,1
spoke,3
testing,4
mandating,1
least,5
10,2
drive,1
bringing,2
global,5
leaders,2
international,4
building,2
hospitals,4
agreed,2
adding,1
provided,2
sufficient,3
equipment,1
personnel,1
critical,1
patients,3
wages,1
americans,2
job,4
evening,3
unfolded,1
however,5
fundamental,2
between,3
emerged,4
shouldn,2
shock,2
watched,2
exchanges,2
over,19
healthcare,5
previous,1
debates,1
urgent,1
required,1
cover,3
costs,3
treatment,9
reflection,1
weakness,1
dysfunctionality,1
entire,2
system,10
structured,1
profit,3
medical,5
ailment,1
good,12
losing,2
60,2
die,1
don,18
doctor,3
clear,5
only,23
worse,6
countered,2
run,4
solution,2
noting,2
italy,2
style,2
overwhelmed,1
publicly,1
competes,1
along,2
side,3
replace,1
entirely,1
became,4
bullet,1
bigger,1
within,4
early,3
crystallised,1
philosophy,1
looking,6
results,7
incrementalist,1
career,2
political,5
player,1
inclined,1
sees,1
politics,1
heart,3
revolutionary,1
views,3
irredeemably,1
broken,2
sweeping,1
reform,2
view,1
exactly,3
necessary,5
bring,1
country;,1
works,1
few;,1
guarantee,1
quality,2
$100,1
billion,1
asked,1
wall,2
street;,1
drug,2
fossil,1
fuel,1
question,2
whether,5
ready,2
calling,5
voting,1
primaries,3
far,7
indication,1
sharpest,1
came,8
each,4
votes,2
positions,2
hit,2
considering,1
security,2
retirement,1
gay,1
marriage,1
ban,1
iraq,1
war,2
stringent,1
bankruptcy,1
free,4
trade,1
bills,1
prohibitions,1
abortion,1
america,3
record,3
ok,1
30,1
stood,1
families,1
white,2
than,20
hitting,1
opposition,1
control,6
legislation,1
vote,1
sanctioning,1
russia,2
2016,1
election,4
interference,1
urging,1
viewers,2
see,14
1995,1
comments,4
floor,1
senate,1
nearly,2
50,1
ultimately,3
defended,1
focus,2
conducted,1
shadow,2
moved,2
phoenix,1
washington,1
dc,1
minute,1
crush,1
watching,2
adjoining,1
spin,1
cycle,1
strange,3
unexpected,2
coda,1
14,2
campaigning,2
dozens,2
polls,2
indicate,1
poised,1
dominating,1
wins,1
florida,1
ohio,1
illinois,1
arizona,1
extending,1
lead,2
important,8
count,1
delegates,1
convention,1
july,1
sizable,1
suggesting,3
voters,2
race,1
contest,2
donald,2
trump,3
occasionally,1
mentioned,1
begin,1
interview,1
suggested,1
later,4
georgia,5
louisiana,1
delayed,1
turns,1
perhaps,1
nearing,1
conclusion,1
linger,1
suspended,1
'an,1
iranian,2
tourist,2
become,2
unlikely,1
internet,1
celebrity,1
shahab,1
karimi,4
overnight,1
sensation,1
georgian,2
tv,10
aired,2
outside,2
tbilisi,1
declaring,1
nurses,1
then,18
seen,5
bursting,1
ushering,1
panic,3
pleads,1
moment,3
viral,3
inspired,1
humorous,1
memes,1
used,10
pictures,3
illustrate,1
1918,1
absorbed,1
emerging,3
soviet,1
another,9
user,2
escaped,3
'i,1
shouts,1
song,1
'he,1
updates,1
drew,1
hello,3
everywhere,6
following,2
thank,1
emotions,1
filmed,2
explained,1
nice,5
sunny,1
balcony,1
hotel,5
express,1
gratitude,1
numerous,1
requests,1
received,4
couldn,6
accept,1
limitations,1
application,1
assured,1
expressing,1
hope,4
disappear,1
soon,6
newfound,1
fame,1
vlog,1
cancer,3
patient,7
tens,2
thousands,6
offered,1
ended,3
convertible,1
radio,4
full,6
blast,1
sign,1
relishing,1
freedom,1
prepared,4
goodbye,1
yet,4
announcing,1
arrival,1
presenter,2
nanuka,1
zhorzholiani,1
guest,1
today,1
imagined,1
popular,3
1,12
193km,1
invited,2
appear,4
appearances,1
confirmed,11
longer,3
border,1
host,1
warned,4
likely,2
dancing,1
stars,1
'canadian,1
photographer,1
captures,1
halos,1
moon,1
dogs,2
hanya,1
izinkan,1
per,1
rumah,1
tangga,1
keluar,1
sekali,1
3,2
hari,1
terkait,2
'corona,2
lots,2
nasty,1
symptom,1
racism,1
michael,1
o'neill,1
won't,1
dwell,1
potential,2
march's,1
euro,1
off,3
semi,1
final,1
bosnia,1
herzegovina,1
khawatir,1
penemuan,1
pada,1
tak,1
pernah,1
ke,1
'your,1
chance,2
piece,1
sporting,1
history,1
'at,1
six,3
reports,8
related,4
attacks,4
devon,3
cornwall,2
asian,4
backgrounds,1
exeter,2
assaulted,1
verbally,1
abused,1
men,6
victims,1
students,4
punched,3
kicked,2
spat,1
back,12
own,7
treating,1
hate,1
crimes,1
happened,3
24,1
earlier,3
wednesday,1
university,6
student,1
approached,1
20s,1
castle,1
street,5
shouted,2
abuse,2
assaulting,1
stealing,1
cap,1
threatening,1
knife,1
investigating,1
five,7
02:45,1
gmt,1
sidwell,1
friday,1
pair,1
accusing,1
involved,5
taxi,6
driver,9
male,1
passengers,5
00:30,1
sunday,1
35,1
victim,2
taunted,1
incidents,1
level,4
verbal,1
shouting,2
carrier,1
sgt,1
emma,1
storey,1
barrett,1
linked,2
supported,1
teenagers,1
'in,1
letters,1
african,2
writers,1
kenyan,3
waihiga,1
mwaura,1
reflects,2
fuelled,3
prejudice,6
despite,1
greatest,2
enemy,1
itself,4
fears,4
rumours,2
stigma,3
words,2
ethiopian,1
effort,1
lessen,1
tedros,3
adhanom,3
ghebreyesus,5
responding,1
repeated,1
sharing,2
story,4
singaporean,1
man,6
beaten,1
capital,2
spreading,4
kenya,9
exception,1
shakily,1
circulating,1
showing,2
bullied,1
large,2
crowd,4
nairobi,2
begins,1
unidentified,1
shouting:,1
responds,1
quickly,2
realises,1
female,2
companion,1
attacked,2
rushes,1
aggressive,2
starts,1
back:,1
stops,1
true,2
depiction,1
effects,1
27,2
february,2
allegedly,1
parliament,1
constituency,1
interaction,1
nationals,6
returned,1
celebrating,1
enough,5
citizens,1
forcefully,1
permission,1
chase,1
stone,1
vicinity,1
embassy,1
responded,1
rational,1
scientific,1
towards,3
described,1
remarks,1
racist,1
alone,3
interesting,2
initial,1
sub,2
saharan,2
africa,6
equivalent,1
recorded,2
fear,3
mixed,1
palpable,1
entwined,1
relationship,2
borrowed,1
amount,1
infrastructure,1
projects,1
ordinary,1
benefit,3
someone,7
blame,2
woes,1
tired,2
pointing,2
finger,1
directed,1
frustrations,1
growing,3
seek,1
opportunities,1
fertile,3
ground,3
led,1
extraordinary,1
adrian,2
blomfield,1
veteran,1
freelance,1
drivers,2
rank,1
carry,2
changing,1
names,4
hailing,1
apps,1
request,1
declined,2
informed,1
ferrying,1
airport,6
roll,1
windows,1
wear,2
facemasks,1
landed,2
wound,1
narrative,1
demanding,1
face,7
masks,3
ply,1
route,1
information,9
criticism,1
slow,1
educating,1
warning,1
vacuum,1
filled,1
misinformation,9
sensitisation,1
promised,3
late,1
nevertheless,1
lin,1
yimenghan,1
charity,1
witnessed,1
worrying,3
bus,3
stop,5
remarkable,1
calmly,1
faster,2
advice:,1
understanding,2
love,2
attitude,1
peaceful,1
'as,2
increase,5
flurry,1
misleading,1
false,2
relatively,1
continent,1
image,3
bottle,1
dettol,5
known,5
disinfectant,2
clean,1
surfaces,1
widely,2
nigeria,4
south,5
label,1
surface,2
cleaner,1
human,3
circulated,2
whatsapp,5
wow,4
share,3
imagine,1
fighting,1
ignorant,1
written,1
container,1
posts,3
wrote:,1
apparently,4
treat,2
proven,1
kill,1
officially,1
cleaning,1
solutions,2
reduce,1
company,4
products,4
coronaviruses,1
humans,2
sars,1
cov,1
facial,2
hair,2
respirators,2
incorrectly,1
shave,3
beards,2
catching,1
nigerian,4
punch,1
newspaper,4
headline,5
beard,5
cdc,3
warns,2
centers,1
disease,10
examples,1
ones,1
wearing,1
respirator,2
mask,1
styles,1
whiskers,1
zappa,1
approved,1
garibaldi,1
french,1
fork,1
interfere,1
valve,1
properly,1
genuine,1
2017,2
workers,1
tight,1
fitting,1
contrary,1
published,3
recently,2
recommend,1
headlines,1
appeared,5
generating,1
shares,1
australian,1
7news,1
twitter:,1
unknowingly,1
useful,1
little,2
evidence,3
widespread,3
evangelical,1
preacher,2
claims,5
cure,5
subject,2
disinformation,1
kingleo,1
elijah,1
glorious,1
mount,1
possibility,1
church,2
destroy,3
uploaded,1
platforms,3
prophetically,1
blogs,2
alleging,1
admitted,1
refer,3
pastor,2
name,13
elija,1
emeka,1
chibuke,1
photo,7
actually,4
adeshina,1
adesanya,1
actor,1
popularly,1
ajidara,1
diagnosed,6
users,1
untrue,1
according,3
drove,1
location,4
ogun,2
claimed,1
threatened,1
unless,4
100m,1
nairas,1
$274,1
report,3
denied,2
dismissed,1
centre,1
link,2
italian,2
dreaded,1
since,5
arrived,1
interactions,1
equally,1
monitored,1
@ogsgofficial,1
original,1
fake,5
account,1
television,1
ait,1
network,1
released,5
official,5
named,3
adewale,1
isaac,1
olorogun,1
buzzfeed,1
article,4
libya,1
completely,1
jude,1
ikuenobe,2
yemisi,1
adegoke,1
shocked,1
learn,2
contained,1
violent,1
threats,1
haven,1
moving,2
anywhere,1
friends,1
ever,5
[the,1
viral],1
easy,1
cope,1
flew,4
lagos,1
reached,1
100,2
denouncing,1
audio,2
claiming,3
press,2
briefing,3
release,2
@spokespersongok,1
states,1
63,1
ministry,3
communications,1
training,1
exercise,1
explain,1
existing,1
law,1
kenyans,1
fine,1
$50,1
â£39,1
jail,1
sentence,1
publishing,2
caution,2
@moh_kenya,1
poster,1
pepper,2
soup,2
gives,4
details,3
medicinal,1
properties,1
traditional,1
spicy,1
dish,1
caused,2
cape,1
verde,1
tiny,1
portuguese,1
speaking,2
brazilian,2
fennel,2
tea,1
prompted,1
rush,1
herb,1
afp,1
thorough,1
regular,2
hand,3
crucial,1
'radio,1
major,5
festival,13
biggest,1
coachella,2
headlined,1
travis,1
scott,1
rage,1
ocean,1
october,3
april,1
originally,1
planned,5
texas,1
based,6
success,1
tours,2
pretty,2
existent,1
asia,1
gatherings,1
switzerland,2
france,3
cities,2
germany,1
glastonbury,2
organisers,3
newsbeat,2
closely,2
monitoring,2
ahead,5
head,3
event,8
operations,1
coombs,1
thoroughly,2
plan,3
maximise,2
boss,2
emily,1
eavis,1
fingers,2
firmly,2
crossed,2
june,3
things,5
stand,4
hard,1
50th,1
anniversary,1
proud,1
bill,3
crystal,1
ball,1
15,1
worthy,1
farm,1
earth,1
update,7
republic,1
puts,4
reading,1
leeds,1
wireless,1
download,1
latitude,1
none,1
looming,1
uncertainty,1
bought,1
tickets,2
cancellations,1
booked,2
becky,2
hill,1
tells,2
matoma,1
supporting,1
script,1
arena,1
places,3
amsterdam,1
copenhagen,1
brussels,1
hamburg,1
thing,10
won,5
bread,1
butter,1
stresses,1
artist,2
misses,1
whole,1
x,1
y,1
z,1
booking,2
hasn,2
necessarily,3
ripples,1
talent,1
king,2
nun,1
trip,5
sxsw,1
incredibly,1
lined,1
meetings,1
bunch,1
boost,3
profile,1
unfortunately,1
fallen,1
apart,1
frontman,1
theo,1
polyzoides,1
flights,1
accommodation,2
awful,1
involve,1
themselves,1
scenes,1
list,3
summer,1
updating,1
hear,1
conjunction,1
scottish,7
purchasing,1
disappointed,1
prioritise,1
16,1
continue,2
prepare,1
whilst,1
developments,1
newsbeat:,1
excited,2
welcome,1
always,9
top,4
priority,2
accordingly,1
mengatakan,1
warganya,1
akan,1
kembali,1
bekerja,1
secara,1
bertahap,1
'mike,1
discusses,1
role,1
night,1
shelters,1
helping,3
greater,1
manchester,1
affect,2
country's,1
belum,1
mengumumkan,1
status,1
internasional,1
'prosecutors,1
failed,1
gain,1
thirds,1
convict,1
'adam,1
walton,1
considers,1
giant,1
nuclear,1
powerhouse,1
solar,1
precise,1
spreads,1
getting,11
accurate,2
becomes,1
age,1
heavy,1
responsibility,1
likes,1
billions,1
rely,1
providing,2
territory,1
wanting,1
opposing,1
vaccines,1
5g,8
mobile,1
networks,3
scare,1
scanned,1
plenty,1
whom,1
this:,1
heard,2
cold,2
perfect,1
emf/5g,1
illnesses,1
scroll,1
links,1
websites,1
connecting,1
rollout,1
originated,1
launches,1
wuhan,3
reads,1
publication,1
commenter,1
title,1
e,1
d,1
smart,1
light,1
test,4
complex,1
conspiracy,7
theories,7
suggestion,1
diamond,1
princess,2
cruise,1
ship,1
whose,3
technology,1
connectivity,1
theory,3
engineered,2
lab,1
deliberately,1
pick,3
american,2
microwave,1
radiation,1
technocracy,1
claims:,1
becoming,1
hunan,1
coronovirus,1
bio,1
weapon,2
either,3
purposely,1
accidentally,1
fair,2
appears,5
upped,1
combating,1
search,1
platform,2
reliable,1
vaccination,1
join,2
saying:,1
recommends,1
vaccinations,3
diseases,1
calm,1
ad,2
appearing,3
above,2
adverts,4
meaning,1
site,1
owner,2
google,1
profiting,1
promoting,2
third,2
fact,3
checkers,1
investigate,2
dubious,1
limits,1
misinform,1
limited,1
supply,1
banned,1
instance,1
allow,2
100%,2
guaranteed,1
spokesperson,1
committed,1
timely,1
helpful,6
reducing,1
harmful,1
bans,1
medically,2
unsubstantiated,1
remove,1
flag,1
material,3
promotes,1
contacted,2
mvh,1
marketing,1
spokeswoman,1
firm,4
spends,1
advertising,1
creators,1
usually,1
ensured,2
ads,2
placed,1
unsuitable,1
content,1
again,2
video:,1
obviously,4
associated,1
fit,1
brand,1
stopping,1
inside,2
commodity,1
constellation,6
brands,1
pour,1
$4bn,1
â£3,1
15bn,1
canada,2
cannabis,7
canopy,9
growth,3
marking,1
largest,1
investment,4
injected,1
$200m,1
produce,1
alcoholic,1
beverage,1
alcohol,1
capitalise,1
legalisation,1
toronto,1
listed,1
stock,1
surged,1
30%,1
6%,1
reach,2
produces,1
oils,1
soft,1
gel,1
caps,1
among,4
injection,1
suite,1
edible,1
bars,1
inhalers,1
pre,1
rolled,2
develop,1
cannabinoid,1
medicines,1
safer,1
mainstream,1
treatments,2
pain,3
anxiety,4
sleeplessness,1
psoriasis,1
[deal],1
marks,2
warm,1
fully,1
executive,1
bruce,1
linton,1
call,2
wine,1
spirits,1
mexico,1
zealand,1
noted,1
governments,3
signalled,1
significant,3
attitudes,1
understand,2
market,3
tremendous,1
presents,2
capabilities,1
canadian,2
passed,3
legalise,1
recreational,1
ownership,1
38%,1
regulatory,1
approval,1
expected,1
'b,1
cã©line,1
dion,1
azealia,1
bangers,1
'songs,1
lisa,1
loeb,1
pato,1
banton,1
featured,2
week:,1
stevie,1
wonder,2
'this,1
transcript,1
broadcast,1
march,1
beth,58
rose,2
jite,57
got,16
stares,2
bald,2
wheelchair,12
black,3
probably,6
didn,21
challenging,5
oh,20
[jingle:,1
ouch],1
ouch,2
email,1
hi,2
mine,1
ugono,1
multiple,2
sclerosis,2
ms,13
uses,1
answer,1
listening,1
mind,3
visa,6
spend,2
finally,1
quick,1
note,2
[music],1
surreal,2
communist,2
restricted,1
provisions,1
access,5
stuff,12
accessible,1
stairs,2
carried,3
guides,13
suddenly,1
decide,1
book,1
holiday,1
stem,10
cell,9
therapy,8
chemo,13
rest,3
rare,2
almost,9
redefinition,1
identity,1
solely,1
ask,1
else,5
equal,1
hadn,1
thisâ€¦,1
emotional,1
mum,1
bleak,2
progressive,1
steady,1
degradation,2
mobilities,1
secondary,1
remitting,1
recover,2
reduces,1
immune,4
knock,1
reintroduce,1
cells,1
restart,1
sounds,2
intense,1
injections,2
easier,1
stages,1
okay,12
ten,5
bite,1
size,2
done,5
taught,2
whatever,1
45,1
yeah,11
maybe,15
seven,4
terms,2
difficulty,1
main,5
eyesight,3
eyes,1
playing,1
optician,1
progressively,1
mri,2
scan,1
consultant,1
knew,3
sorry,2
yourself,5
faced,1
realise,3
survive,2
brave,1
consultation,1
walk,4
sticks,1
waste,1
thoughts,1
regardless,2
agent,2
mean,11
determined,1
lesson,1
condition,2
anyway,1
onto,2
coach,1
sorted,1
once,3
touching,1
manifest,1
balance,2
left,3
leg,1
sometimes,2
memory,2
vocabulary,1
difficulties,1
arose,1
drugs,2
concentrated,1
water,1
dilute,1
relieve,1
peeing,1
minutes,1
affects,2
confidence,3
toilets,8
accessibility,2
realised,1
theâ€¦,2
[laughs],6
types,1
korean,2
attempt,1
toilet,3
gamble,4
knowing,3
guessing,1
pass,1
gone,2
gym,1
core,1
half,2
advise,1
intending,1
september,1
super,3
flying,1
initially,1
hoping,1
luggage,3
push,1
pieces,1
pyongyang,6
beijing,3
packed,1
surprisingly,1
western,3
cars,4
german,1
venture,1
chap,1
28,1
missed,1
ah,1
actuallyâ€¦,1
appreciative,1
lazy,1
naturally,1
gave,1
panicky,1
bet,2
racing,1
extent,1
rude,2
plus,2
tell,6
surprise,1
planes,1
land,1
shanghai,1
moscow,2
soldiers,2
guy,2
suppose,3
novelty,1
met,2
haircuts,1
stuck,1
relax,1
anonymous,1
tiring,1
brief,1
constantly,1
tedious,1
walked,2
badges,1
difficult,4
language,1
greeted,1
disabled,4
travellers,1
happens,1
camaraderie,1
mostly,1
advantage,1
closer,1
quiet,1
selling,1
surrounded,1
flowers,1
respect,1
obscuring,1
crop,1
check,3
phones,1
photos,3
tourists,3
restaurant,1
standing,2
restaurants,3
bizarre,1
bustling,1
city,1
duringâ€¦,1
il,1
sung,1
grandad,1
present,1
birthday,1
celebrations,1
picking,1
gardening,1
orâ€¦,1
environment,1
roads,1
eight,2
o,2
'clock,2
finish,1
channels,4
kim,1
designed,1
trail,1
itinerary,1
flower,1
exhibition,1
subway,3
deepest,1
tallest,1
compare,1
tube,1
opulent,1
chandeliers,1
waiting,1
seem,1
casino,4
cards,1
guys,2
sterling,1
dollars,2
euros,1
allowed,3
jack,1
cheering,1
hundred,1
willing,3
disappoint,1
expensive,1
ran,2
currency,2
let,3
enjoyed,1
al,3
jazeera,3
english,1
channel,4
transfixed,1
shaking,1
heads,1
happy,3
protests,2
comfortable,1
legs,1
somebody,1
certainly,1
insistent,1
society,2
research,1
un,1
charities,1
basically,1
send,1
town,1
surprised,2
lean,1
weren,2
curious,2
intrusive,1
except,2
lifted,1
hearing,1
sound,1
helps,3
footage,1
ungrateful,1
lack,1
londoners,2
allows,1
kinds,1
pan,1
mystery,1
lifting,1
foot,1
tend,1
pace,1
fatigue,1
driving,1
otherwise,2
partly,1
anxious,3
depression,2
challenge,4
practice,1
yesterday,2
lift,1
victories,1
younger,1
signs,1
lows,1
enduring,1
travelling,1
knowledge,2
checked,1
staying,1
eased,1
badly,1
doesn,1
highlights,2
lowlights,2
seeing,1
communism,1
capitalism,1
smile,1
experience,1
impossible,1
circle,1
cognitively,1
improved,1
brain,1
fog,1
slowly,1
mentally,1
word,4
finding,2
expectations,1
progression,1
scans,1
reaction,1
doctors,2
cautious,4
guess,1
thrilled,1
conversations,1
passive,2
wrong,1
contingency,1
traveller,1
reporters,1
geneva,3
death,4
toll,2
infected,1
aggressively,1
refers,1
viruses,2
belongs,1
strain,5
committee,1
taxonomy,1
researchers,1
confusion,1
stigmatisation,1
geographical,2
animal,2
individual,2
pronounceable,2
matters,2
inaccurate,2
stigmatising,1
standard,2
format,2
outbreaks,2
2019,1
representing,1
31,1
december,1
42,2
200,2
103,1
hubei,6
province,3
016,1
20%,1
062,1
2,3
478,1
increasingly,2
criticised,1
handling,1
warnings,1
suppressed,1
sparked,1
anger,2
removed,3
officials,5
actions,1
commission,3
jobs,1
demoted,1
sent,2
corruption,1
agency,1
li,1
scientists,2
meeting,1
discuss,1
realistic,1
containing,1
resources,1
devoted,2
praised,1
slowing,1
disruption,1
spill,1
worry,1
questions:,1
do:,1
spread:,1
lockdown:,1
impact:,1
please,3
speak,1
ways:,1
below:,1
leave,1
telephone,1
selection,1
displaying,1
sending,1
eyewitness,1
accounts,2
endanger,1
unnecessary,1
risks,1
infringe,1
laws,1
read,1
148,1
tests,5
scotland,8
suspected,1
figure,2
represents,1
66,1
precautionary,2
marie,1
dalton,1
pillay,1
wellbeing,1
visitors,1
paramount,1
importance,1
reassurance,2
nothing,2
figures,2
suffering,1
242,1
deaths,3
declaration,1
concern,2
increased,2
additional,1
precautions,1
raised,1
moderate,1
adds:,1
escalate,1
preparation,1
521,1
512,1
nine,1
machinery,1
co,2
ordination,1
activated,1
resilience,2
sgorr,1
cobra,1
cobr,1
methods,1
officer,1
cmo,2
ordinates,1
counterparts,1
nations,1
mis,1
awaiting,1
conservative,1
treated,2
isolated,1
controlled,1
beds,1
wards,1
corroboration,1
840,1
using,2
broader,1
definition,1
diagnose,1
rise,1
pushed,1
350,1
seeking,1
clarity,1
attempting,1
trace,1
thomas,1
heathrow,1
stayed,1
arrowe,1
merseyside,1
evacuated,2
second,1
near,2
milton,1
keynes,1
nhs,1
sir,1
simon,1
stevens,1
britain,2
director,3
stigmatizing,1
elements:,1
web,1
primetime,1
russian,4
consistent,1
overall,1
thrust:,1
shadowy,1
elites,1
somehow,3
launched,1
slot,1
vremya,4
reporting,1
ambiguous,1
debunk,1
leaving,1
impression,1
kernel,1
truth,1
wilder,1
presence,1
crown,3
latin,1
hints,1
preside,1
beauty,1
pageants,1
handing,1
winners,1
crowns,1
shape,1
rejecting,1
utter,1
nonsense,1
agree,1
correspondent,2
subsequent,1
admit,1
construct,1
uncritically,1
expert,1
artificially,1
intelligence,1
pharmaceutical,2
rehashes,1
kremlin,2
laboratory,1
biological,1
quotes,3
novel,1
asians,1
ethnic,1
bioweapon,1
concedes,1
refuting,1
adds,1
suggestively:,1
assessments,1
ruled,1
heavily,1
pokazhet,1
openly,1
gist,1
various,1
actors,1
aim,1
variously,1
pharma,1
vaccine,1
weaken,1
geopolitical,1
competitor,1
screens,1
causing,1
rail,1
air,1
curtailed,1
russians,1
siberian,1
sanatorium,1
pray,1
salvation,1
vedomosti,1
introduced,2
temperature,1
checks,1
attending,1
president,2
vladimir,1
putin,1
dmitry,1
peskov,1
measure,1
range,1
feature,1
pages,1
newspapers,1
confirmation,1
papers,3
prospect,1
fledged,1
xi,1
jinping,1
suggests,2
remembered,1
betrayed,1
75s,1
stripping,1
licences,1
fund,2
speculate,1
contenders,1
succeed,1
runners,1
riders,1
ponders,1
paints,2
picture,2
dg,1
monumental,1
task,1
matt,1
cartoon,1
corporation,1
shown,1
whip,1
round,1
departing,1
accompanying,1
caption,1
reads:,1
fiver,1
tenner,1
women,1
peter,2
hire,1
constitutional,1
headache,2
duke,1
duchess,2
sussex,1
fascinate,1
paper,4
exclusively,1
reveal,1
fresh,1
twist,1
row,1
son,1
anne,1
phillips,2
connections,1
sell,1
mail,1
respond,1
buckingham,1
comment,1
carries,1
meghan,1
baby,1
archie,1
harry,1
distance,1
protection,1
terrorists,2
prison,2
describes,1
crackdown,1
terrorism,1
stricter,1
controls,1
tougher,1
punishments,1
dangerous,1
offenders,2
boris,1
blitz,1
terror,1
metro,1
lie,1
detectors,2
genuinely,1
reformed,1
suggestions,1
establish,1
parole,1
professor,1
canter,1
liverpool,1
points,1
readers,1
polygraph,1
foolproof,1
findings,1
admissible,1
courts,1
grounds,1
optimism,1
outlook,2
assessment,1
monetary,1
grow,1
orderly,1
brexit,1
forecast,1
contrast,1
imf,2
predictions,1
downbeat,1
diverts,1
davos,1
goals,1
forecasts,1
casting,1
opening,1
forum,1
watchdog,1
forced,1
retract,1
38,1
inspection,2
nursing,1
homes,3
sections,1
faked,1
duplicate,1
78,1
copied,1
pasted,1
inspections,1
40,1
identified,1
responsible,2
immediately,1
activity,1
ponder,1
enormous,1
hs2,2
project,1
detail,1
spiralling,2
flagship,1
7,1
million,1
stated,1
narrowing,1
divide,1
hugo,1
gye,2
blunt:,1
johnson,2
sat,1
fence,1
avoided,1
pm,1
cannot,1
tightrope,1
ducking,1
divisive,1
decisions,1
chelsea,1
potty,1
houseplant,1
category,1
horticultural,1
famously,1
glamorous,1
rhs,1
helena,1
pettit,1
advises,1
cheerily:,1
recognising,1
benefits,1
indoor,1
greenery,1
smells,1
rat,1
roses,1
bid,1
appeal,1
millennials,1
garden,1
hunt,1
turnip,1
tosser,1
features,1
tabloids,1
broadsheets,1
prolific,1
vegetable,1
thrower,1
motorists,1
bridge,1
torquay,1
17,1
november,1
swedes,1
mangel,1
wurzels,1
turnips,1
footballs,1
weaponised,1
whoever,1
caught,1
tragedy,1
occurs,1
n'],1
