the,909
to,519
of,385
and,379
a,358
in,287
i,232
that,228
it,215
you,177
for,164
is,155
was,151
's,149
on,138
they,118
be,114
have,105
with,99
are,97
so,95
but,88
as,86
coronavirus,83
by,83
't,81
from,80
not,77
he,76
has,75
been,74
people,74
said,70
an,65
n',64
about,63
virus,62
had,62
at,60
there,60
or,58
beth,58
this,57
were,57
jite,57
who,56
also,50
we,50
because,49
one,48
what,46
do,45
going,44
their,44
me,43
no,41
can,41
your,40
would,40
when,40
out,38
all,37
his,36
did,36
corona,35
china,34
government,33
if,32
its,32
will,32
like,32
up,31
which,31
more,30
're,30
go,29
our,29
just,29
being,29
two,29
health,28
world,28
us,27
after,27
could,27
how,27
kind,27
around,26
north,26
went,26
get,25
now,25
'm,25
think,25
some,25
my,24
new,24
korea,24
them,23
want,23
other,23
only,23
news,22
before,22
well,21
says,21
chinese,21
didn,21
even,20
time,20
year,20
any,20
than,20
oh,20
help,19
spread,19
know,19
end,19
video,19
quite,19
sanders,19
over,19
say,18
outbreak,18
post,18
something,18
don,18
then,18
public,17
19,17
first,17
many,16
make,16
while,16
those,16
really,16
take,16
got,16
covid,15
need,15
country,15
against,15
cases,15
biden,15
maybe,15
most,14
social,14
've,14
facebook,14
everyone,14
told,14
money,14
see,14
live,13
through,13
place,13
him,13
having,13
day,13
where,13
look,13
'd,13
hospital,13
name,13
festival,13
ms,13
guides,13
chemo,13
statement,12
contact,12
big,12
bbc,12
',12
youtube,12
may,12
such,12
uk,12
she,12
group,12
ecb,12
economic,12
few,12
good,12
1,12
back,12
wheelchair,12
stuff,12
okay,12
plans,11
media,11
instagram,11
down,11
'll,11
into,11
here,11
london,11
problem,11
confirmed,11
getting,11
yeah,11
mean,11
way,10
feel,10
still,10
self,10
use,10
number,10
change,10
shared,10
taken,10
away,10
deal,10
european,10
much,10
avoid,10
thinking,10
days,10
system,10
tv,10
used,10
disease,10
thing,10
stem,10
past,9
across,9
home,9
staff,9
industry,9
fans,9
show,9
bit,9
shows,9
why,9
artists,9
provide,9
situation,9
0,9
very,9
weeks,9
groups,9
authorities,9
banks,9
case,9
does,9
democratic,9
treatment,9
another,9
driver,9
kenya,9
information,9
misinformation,9
always,9
canopy,9
cell,9
almost,9
these,8
stay,8
closed,8
affected,8
find,8
care,8
under,8
debate,8
'the,8
chief,8
mr,8
tough,8
party,8
including,8
set,8
long,8
together,8
positive,8
message,8
twitter,8
every,8
last,8
week,8
should,8
different,8
support,8
posted,8
work,8
called,8
ago,8
created,8
thought,8
candidates,8
came,8
important,8
reports,8
event,8
5g,8
therapy,8
toilets,8
scotland,8
latest,7
best,7
steps,7
n,7
further,7
times,7
life,7
vulnerable,7
police,7
measures,7
everything,7
local,7
current,7
person,7
podcast,7
isolation,7
tour,7
tuesday,7
point,7
next,7
already,7
means,7
less,7
general,7
quarantined,7
prevent,7
rather,7
part,7
come,7
years,7
results,7
far,7
patient,7
own,7
five,7
someone,7
face,7
photo,7
update,7
scottish,7
conspiracy,7
theories,7
cannabis,7
key,6
minster,6
old,6
park,6
dr,6
same,6
taking,6
stories,6
music,6
organization,6
ensure,6
national,6
force,6
possible,6
protect,6
anti,6
reported,6
star,6
put,6
course,6
give,6
comes,6
her,6
idea,6
too,6
planning,6
band,6
made,6
members,6
financial,6
impact,6
took,6
started,6
insurance,6
given,6
state,6
meanwhile,6
videos,6
better,6
four,6
others,6
saying,6
page,6
never,6
leader,6
several,6
crisis,6
wants,6
private,6
economy,6
front,6
worse,6
looking,6
control,6
everywhere,6
couldn,6
soon,6
thousands,6
full,6
men,6
university,6
taxi,6
prejudice,6
man,6
nationals,6
africa,6
airport,6
diagnosed,6
based,6
helpful,6
constellation,6
probably,6
visa,6
[laughs],6
pyongyang,6
tell,6
hubei,6
community,5
three,5
open,5
york,5
events,5
decision,5
said:,5
future,5
aware,5
orang,5
working,5
doing,5
officers,5
able,5
found,5
road,5
presented,5
indonesia,5
journalist,5
car,5
room,5
wasn,5
bad,5
recording,5
hall,5
normal,5
lose,5
cancelled,5
safety,5
claim,5
companies,5
yes,5
coming,5
play,5
walking,5
travel,5
conditions,5
am,5
anyone,5
trying,5
month,5
lot,5
tested,5
central,5
programme,5
rates,5
england,5
negative,5
difference,5
months,5
risk,5
woman,5
least,5
global,5
however,5
healthcare,5
medical,5
clear,5
political,5
necessary,5
whether,5
calling,5
georgia,5
seen,5
nice,5
hotel,5
street,5
involved,5
passengers,5
ghebreyesus,5
enough,5
stop,5
increase,5
dettol,5
known,5
south,5
whatsapp,5
headline,5
beard,5
appeared,5
claims,5
cure,5
since,5
fake,5
released,5
official,5
ever,5
major,5
planned,5
ahead,5
things,5
won,5
trip,5
appears,5
challenging,5
access,5
else,5
ten,5
done,5
main,5
yourself,5
strain,5
officials,5
tests,5
advice,4
until,4
programmes,4
daily,4
kids,4
great,4
must,4
yang,4
announced,4
due,4
line,4
symptoms,4
senior,4
service,4
small,4
currently,4
ways,4
non,4
emergency,4
lost,4
incident,4
response,4
floorfillers,4
anthems,4
dance,4
legends,4
richard,4
latto,4
'versi,4
siaran,4
berita,4
pagi,4
questions,4
david,4
singer,4
pop,4
hour,4
wanted,4
form,4
approach,4
include,4
sense,4
royal,4
aren,4
festivals,4
suggest,4
cash,4
british,4
businesses,4
secretary,4
sure,4
quarantine,4
changes,4
himself,4
died,4
serious,4
problems,4
keeping,4
talk,4
offer,4
infection,4
member,4
countries,4
infections,4
loans,4
seems,4
markets,4
rate,4
held,4
makes,4
move,4
contain,4
low,4
especially,4
primary,4
without,4
fight,4
individuals,4
online,4
win,4
testing,4
international,4
hospitals,4
job,4
emerged,4
run,4
became,4
within,4
each,4
free,4
election,4
comments,4
later,4
karimi,4
received,4
hope,4
radio,4
prepared,4
yet,4
appear,4
warned,4
related,4
attacks,4
asian,4
students,4
level,4
itself,4
fears,4
story,4
spreading,4
crowd,4
names,4
nigeria,4
wow,4
apparently,4
company,4
products,4
nigerian,4
newspaper,4
actually,4
location,4
unless,4
article,4
flew,4
gives,4
stand,4
puts,4
top,4
test,4
adverts,4
firm,4
obviously,4
investment,4
among,4
anxiety,4
immune,4
seven,4
walk,4
gamble,4
cars,4
difficult,4
disabled,4
channels,4
casino,4
channel,4
challenge,4
word,4
cautious,4
death,4
russian,4
vremya,4
paper,4
experts,3
try,3
follow,3
museum,3
dean,3
closure,3
needs,3
right,3
communities,3
behind,3
analysis,3
effective,3
isolating,3
putting,3
added,3
ride,3
organisations,3
business,3
hold,3
behaviour,3
traffic,3
baru,3
affecting,3
'who,3
coldplay,3
gigs,3
combat,3
played,3
referred,3
audience,3
empty,3
staring,3
recent,3
single,3
hours,3
postponed,3
concerns,3
stream,3
included,3
game,3
beer,3
opportunity,3
similar,3
saw,3
followed,3
theatres,3
organisation,3
effectively,3
step,3
doors,3
goes,3
close,3
unique,3
recommended,3
making,3
family,3
welsh,3
buying,3
sites,3
might,3
lord,3
potentially,3
re,3
feeling,3
young,3
watch,3
safe,3
wales,3
residents,3
includes,3
shopping,3
union,3
milk,3
myself,3
older,3
phone,3
mainly,3
elderly,3
area,3
kesehatan,3
'a,3
friend,3
graphic,3
bank,3
cheap,3
commercial,3
expanding,3
newly,3
leading,3
cut,3
interest,3
federal,3
damage,3
efforts,3
pay,3
although,3
create,3
paid,3
expand,3
agencies,3
total,3
real,3
2020,3
expect,3
attack,3
revolution,3
isn,3
both,3
contacts,3
spoke,3
sufficient,3
patients,3
evening,3
between,3
cover,3
costs,3
profit,3
doctor,3
side,3
early,3
heart,3
views,3
exactly,3
primaries,3
america,3
record,3
ultimately,3
strange,3
suggesting,3
trump,3
panic,3
moment,3
viral,3
pictures,3
emerging,3
escaped,3
hello,3
cancer,3
ended,3
popular,3
longer,3
off,3
six,3
devon,3
punched,3
happened,3
earlier,3
kenyan,3
fuelled,3
stigma,3
tedros,3
adhanom,3
towards,3
alone,3
fear,3
benefit,3
growing,3
fertile,3
ground,3
masks,3
promised,3
worrying,3
bus,3
image,3
human,3
share,3
posts,3
shave,3
cdc,3
published,3
evidence,3
widespread,3
destroy,3
platforms,3
refer,3
according,3
report,3
named,3
claiming,3
briefing,3
ministry,3
details,3
hand,3
october,3
france,3
organisers,3
head,3
plan,3
june,3
bill,3
places,3
necessarily,3
boost,3
list,3
helping,3
networks,3
wuhan,3
whose,3
theory,3
pick,3
either,3
vaccinations,3
appearing,3
fact,3
material,3
growth,3
pain,3
governments,3
significant,3
market,3
passed,3
black,3
mind,3
carried,3
rest,3
eyesight,3
knew,3
realise,3
once,3
left,3
confidence,3
toilet,3
knowing,3
super,3
luggage,3
beijing,3
western,3
suppose,3
check,3
photos,3
tourists,3
restaurants,3
subway,3
allowed,3
willing,3
let,3
al,3
jazeera,3
happy,3
helps,3
anxious,3
geneva,3
province,3
2,3
removed,3
commission,3
please,3
deaths,3
director,3
somehow,3
crown,3
quotes,3
papers,3
homes,3
school,2
washing,2
unwell,2
amid,2
palace,2
space,2
opposite,2
governing,2
chapter,2
concerts,2
regularly,2
follows,2
announcement,2
though,2
prayer,2
nation,2
ourselves,2
unprecedented,2
mutual,2
giving,2
developing,2
aid,2
na,2
ann,2
issues,2
takes,2
special,2
guests,2
alert,2
china's,2
'indonesia,2
dengan,2
pasien,2
reviewing,2
continuity,2
efficient,2
constable,2
cooke,2
remained,2
team,2
partners,2
nationally,2
deliver,2
spokesman,2
encouraging,2
alternative,2
demand,2
continues,2
high,2
climate,2
website,2
travelled,2
mencatat,2
pertama,2
negara,2
'pemerintah,2
13,2
isolate,2
yungblud,2
christine,2
queens,2
chris,2
martin,2
wife,2
film,2
punk,2
ambitious,2
bed,2
jump,2
musician,2
camera,2
concert,2
machine,2
gun,2
kelly,2
epidemic,2
helped,2
option,2
incredible,2
art,2
studio,2
meet,2
wrote,2
series,2
perform,2
version,2
picked,2
west,2
lyric,2
st,2
l,2
date,2
example,2
banner,2
needed,2
outlet,2
income,2
touring,2
venues,2
financially,2
pubs,2
clubs,2
association,2
independent,2
crew,2
living,2
estimates,2
during,2
frank,2
elsewhere,2
merchandise,2
funding,2
directly,2
guide,2
house,2
baroness,2
barran,2
entertainment,2
ordered,2
jones,2
interruption,2
advised,2
order,2
insurers,2
majority,2
type,2
exposed,2
creating,2
mood,2
ideas,2
generally,2
producer,2
diplo,2
door,2
councils,2
independents,2
monday,2
weekend,2
largely,2
managed,2
80,2
councillor,2
concerned,2
tony,2
rudry,2
happening,2
afraid,2
issue,2
added:,2
blaenau,2
gwent,2
shop,2
volunteers,2
items,2
everybody,2
runs,2
upon,2
neighbour,2
distressed,2
council,2
services,2
forward,2
iran,2
di,2
highest,2
surge,2
'china,2
darurat,2
dalam,2
girls,2
lucy,2
22,2
25,2
plane,2
passenger,2
drawing,2
lend,2
quantitative,2
easing,2
assets,2
fell,2
reserve,2
result,2
cuts,2
specific,2
sets,2
below,2
zero,2
deposit,2
extra,2
stands,2
minus,2
0,2
funds,2
firms,2
households,2
therefore,2
lower,2
lending,2
particular,2
common,2
theme,2
disrupted,2
short,2
credit,2
involves,2
sector,2
20,2
bernie,2
joe,2
instead,2
presidential,2
campaign,2
personal,2
contracting,2
holding,2
2009,2
flu,2
repeatedly,2
wouldn,2
strong,2
pandemic,2
10,2
bringing,2
leaders,2
building,2
agreed,2
provided,2
americans,2
fundamental,2
shouldn,2
shock,2
watched,2
exchanges,2
entire,2
losing,2
60,2
countered,2
solution,2
noting,2
italy,2
style,2
along,2
career,2
broken,2
reform,2
quality,2
wall,2
drug,2
question,2
ready,2
votes,2
positions,2
hit,2
security,2
war,2
white,2
russia,2
viewers,2
nearly,2
focus,2
shadow,2
moved,2
watching,2
unexpected,2
14,2
campaigning,2
dozens,2
polls,2
lead,2
voters,2
contest,2
donald,2
iranian,2
tourist,2
become,2
georgian,2
aired,2
outside,2
user,2
following,2
filmed,2
tens,2
presenter,2
invited,2
likely,2
dogs,2
3,2
terkait,2
'corona,2
lots,2
potential,2
chance,2
cornwall,2
exeter,2
kicked,2
shouted,2
abuse,2
victim,2
shouting,2
linked,2
african,2
reflects,2
greatest,2
rumours,2
words,2
sharing,2
capital,2
showing,2
large,2
nairobi,2
quickly,2
female,2
attacked,2
aggressive,2
TRUE,2
27,2
february,2
interesting,2
sub,2
saharan,2
recorded,2
relationship,2
blame,2
tired,2
pointing,2
adrian,2
drivers,2
carry,2
declined,2
wear,2
landed,2
faster,2
understanding,2
love,2
'as,2
FALSE,2
disinfectant,2
widely,2
surface,2
circulated,2
treat,2
solutions,2
humans,2
facial,2
hair,2
respirators,2
beards,2
warns,2
respirator,2
2017,2
recently,2
little,2
preacher,2
subject,2
church,2
blogs,2
pastor,2
ogun,2
denied,2
link,2
italian,2
ikuenobe,2
learn,2
moving,2
100,2
audio,2
press,2
release,2
publishing,2
caution,2
pepper,2
soup,2
caused,2
speaking,2
brazilian,2
fennel,2
regular,2
coachella,2
tours,2
pretty,2
switzerland,2
cities,2
glastonbury,2
newsbeat,2
closely,2
monitoring,2
thoroughly,2
maximise,2
boss,2
fingers,2
firmly,2
crossed,2
tickets,2
booked,2
becky,2
tells,2
artist,2
booking,2
hasn,2
king,2
accommodation,2
continue,2
excited,2
priority,2
affect,2
accurate,2
providing,2
heard,2
cold,2
princess,2
engineered,2
american,2
weapon,2
fair,2
platform,2
join,2
ad,2
above,2
owner,2
promoting,2
third,2
investigate,2
allow,2
100%,2
medically,2
contacted,2
ensured,2
ads,2
again,2
inside,2
canada,2
reach,2
rolled,2
treatments,2
marks,2
call,2
understand,2
presents,2
canadian,2
featured,2
wonder,2
rose,2
stares,2
bald,2
ouch,2
hi,2
multiple,2
sclerosis,2
spend,2
note,2
surreal,2
communist,2
stairs,2
rare,2
bleak,2
degradation,2
recover,2
sounds,2
injections,2
size,2
taught,2
terms,2
mri,2
sorry,2
survive,2
regardless,2
agent,2
condition,2
onto,2
balance,2
sometimes,2
memory,2
drugs,2
affects,2
accessibility,2
theâ€¦,2
korean,2
gone,2
half,2
bet,2
rude,2
plus,2
moscow,2
soldiers,2
guy,2
met,2
walked,2
standing,2
eight,2
o,2
'clock,2
guys,2
dollars,2
ran,2
currency,2
protests,2
society,2
surprised,2
weren,2
curious,2
except,2
londoners,2
otherwise,2
depression,2
yesterday,2
knowledge,2
highlights,2
lowlights,2
finding,2
doctors,2
passive,2
toll,2
viruses,2
geographical,2
animal,2
individual,2
pronounceable,2
matters,2
inaccurate,2
standard,2
format,2
outbreaks,2
42,2
200,2
increasingly,2
anger,2
sent,2
scientists,2
devoted,2
accounts,2
figure,2
precautionary,2
reassurance,2
nothing,2
figures,2
concern,2
increased,2
co,2
resilience,2
cmo,2
treated,2
using,2
evacuated,2
near,2
britain,2
correspondent,2
pharmaceutical,2
kremlin,2
introduced,2
president,2
suggests,2
fund,2
paints,2
picture,2
peter,2
headache,2
duchess,2
phillips,2
terrorists,2
prison,2
offenders,2
detectors,2
outlook,2
imf,2
inspection,2
responsible,2
hs2,2
spiralling,2
gye,2
johnson,2
[,1
office,1
grips,1
downloading,1
a3,1
posters,1
sticking,1
start,1
hands,1
don't,1
gp,1
here's,1
reminder,1
'york,1
notice,1
library,1
archives,1
shut,1
cathedral,1
remain,1
body,1
reviewed,1
archbishops,1
canterbury,1
applied,1
clergy,1
maintain,1
pattern,1
praying,1
revd,1
jonathan,1
frost,1
disciplines,1
serve,1
neighbours,1
particularly,1
needy,1
dã¨,1
duilgheadasan,1
agus,1
buannachdan,1
th',1
bhith,1
ag,1
obair,1
bhon,1
taigh,1
'life,1
filling,1
forms,1
ni,1
headers,1
examining,1
moral,1
week's,1
'pat,1
morning,1
hottest,1
science,1
karl,1
ikiganiro,1
ku,1
ndwara,1
ya,1
iterwa,1
n'agakoko,1
gashya,1
ko,1
mu,1
bwoko,1
bwa,1
worker,1
speaks,1
newshour,1
'fever,1
clinics',1
tingkatkan,1
penelusuran,1
berkontak,1
'merseyside,1
remains,1
andy,1
guidance,1
keep,1
speed,1
challenges,1
supervisors,1
policing,1
contacting,1
101,1
crime,1
fraud,1
property,1
missing,1
civil,1
disputes,1
stolen,1
vehicles,1
via,1
'what,1
'5,1
contract,1
alps,1
briton,1
singapore,1
kematian,1
merupakan,1
warga,1
asing,1
positif,1
terjangkit,1
'impact,1
itlay,1
'coronavirus,1
'motoring,1
mark,1
james,1
talks,1
impacts,1
'do,1
'how,1
changed,1
memperingatkan,1
upaya,1
memerangi,1
mencapai,1
titik,1
menentukan,1
'is,1
starting,1
'stars,1
streaming,1
boredom,1
impromptu,1
covering,1
bowie,1
mars,1
keith,1
urban,1
nicole,1
kidman,1
background,1
@keithurban,1
keithurban,1
la,1
mosh,1
kitchen,1
table,1
couch,1
exclaimed,1
barrel,1
anarchist,1
pulled,1
72,1
upcoming,1
cooking,1
segment,1
comedy,1
drinking,1
featuring,1
actress,1
bella,1
thorne,1
rapper,1
chose,1
positivity,1
laughter,1
emotion,1
midst,1
connect,1
gonna,1
box,1
situations,1
despair,1
matter,1
staging,1
nightly,1
ferber,1
paris,1
everyday,1
6pm,1
est,1
ennui,1
weird,1
concepts,1
acoustic,1
sad,1
operator,1
squeaky,1
bicycle,1
@christineandthequeens,1
christineandthequeens,1
cast,1
improv,1
showstoppers,1
broadcasting,1
performance,1
theatre,1
audiences,1
celtic,1
dropkick,1
murphys,1
patricks,1
gig,1
twitch,1
devine,1
honour,1
house;,1
john,1
legend,1
organised,1
creative,1
alike;,1
loss,1
circuit,1
shuts,1
albert,1
devastating,1
nature,1
closing,1
venue,1
trust,1
27%,1
downturn,1
attendance,1
ticket,1
sales,1
44%,1
compared,1
mention,1
severe,1
$5bn,1
indie,1
turner,1
raise,1
straits,1
folk,1
calan,1
clothes,1
recoup,1
â£5,1
campaigns,1
mounted,1
smaller,1
scale,1
patreon,1
venmo,1
promote,1
struggling,1
lords,1
department,1
digital,1
culture,1
sport,1
arts,1
reasons,1
unable,1
liberal,1
democrat,1
clement,1
asked:,1
consideration,1
ability,1
hospitality,1
policies,1
customers,1
answered:,1
understands,1
industries,1
indeed,1
profound,1
vast,1
covered,1
afternoon,1
calls,1
lines,1
communication,1
charli,1
xcx,1
herself,1
lockdown,1
finishing,1
touches,1
album,1
workaholic,1
stressful,1
boards,1
songs,1
vocals,1
purposeless,1
dj,1
imposed,1
hundreds,1
heartbreaking,1
separated,1
sons,1
glass,1
caption:,1
build,1
legos,1
movies,1
window,1
listen,1
drums,1
sing,1
hurts,1
miss,1
sacrifice,1
@diplo,1
'volunteers,1
arrange,1
assistance,1
dog,1
400,1
churches,1
belonging,1
urged,1
draw,1
parishioners,1
essential,1
shielded,1
12,1
ivor,1
pike,1
port,1
talbot,1
underlying,1
mobility,1
dried,1
powder,1
uht,1
food,1
nobody,1
panes,1
77,1
caerphilly,1
county,1
chest,1
minimum,1
draethen,1
waterloo,1
jayne,1
garland,1
loneliness,1
lady,1
chat,1
scared,1
sprouted,1
obtaining,1
essentials,1
pull,1
bala,1
gwynedd,1
store,1
kel,1
coordinating,1
collected,1
pulling,1
fortunate,1
nicholson,1
rev,1
dyfrig,1
rees,1
compassion,1
anticipated,1
sick,1
lonely,1
grieving,1
terrible,1
joining,1
forces,1
penny,1
monmouthshire,1
cabinet,1
fantastic,1
bridgend,1
huw,1
'has,1
'several,1
'wakil,1
menteri,1
terinfeksi,1
tengah,1
tekanan,1
penangangan,1
wabah,1
'untuk,1
kalinya,1
jumlah,1
kasus,1
lebih,1
banyak,1
terjadi,1
luar,1
'south,1
declares,1
menyatakan,1
adalah,1
terburuk,1
sejarah,1
itu,1
abandoned,1
vietnamese,1
sane,1
documenting,1
sisters,1
alice,1
parker,1
hanna,1
ahlberg,1
23,1
traced,1
ha,1
bay,1
hostel,1
disembarked,1
designers,1
cartoons,1
tackle,1
offering,1
encourage,1
unlike,1
stocks,1
gloomy,1
session,1
grabbed,1
immediate,1
attention,1
notably,1
mounting,1
address,1
economists,1
questioned,1
value,1
policy,1
eurozone,1
applies,1
5%,1
effect,1
excess,1
critics,1
harder,1
profitable,1
leaves,1
aggravate,1
observers,1
reluctant,1
registering,1
disappointment,1
nonetheless,1
intended,1
medium,1
sized,1
enterprises,1
convoluted,1
formula,1
75%,1
borrow,1
responses,1
smes,1
revenue,1
cafe,1
massive,1
drop,1
customer,1
numbers,1
manufacturer,1
deliveries,1
raw,1
materials,1
interrupted,1
payments,1
employees,1
landlords,1
suppliers,1
tax,1
term,1
â‚¬120m,1
emphasising,1
buys,1
bonds,1
argues,1
favourable,1
financing,1
available,1
'nine,1
gathered,1
season,1
circumstances,1
sombre,1
respectful,1
disagreements,1
feisty,1
affair,1
unsuccessful,1
hillary,1
clinton,1
ropes,1
candidate,1
considered,1
runner,1
discussed,1
limiting,1
remotely,1
rallies,1
forums,1
septuagenarian,1
flubs,1
swine,1
n1hi,1
h1n1,1
ebola,1
promising,1
choose,1
vice,1
running,1
mate,1
nomination,1
commitment,1
tendency,1
direction,1
moments,1
conflicts,1
unsurprisingly,1
addressing,1
dominated,1
mandating,1
drive,1
adding,1
equipment,1
personnel,1
critical,1
wages,1
unfolded,1
previous,1
debates,1
urgent,1
required,1
reflection,1
weakness,1
dysfunctionality,1
structured,1
ailment,1
die,1
overwhelmed,1
publicly,1
competes,1
replace,1
entirely,1
bullet,1
bigger,1
crystallised,1
philosophy,1
incrementalist,1
player,1
inclined,1
sees,1
politics,1
revolutionary,1
irredeemably,1
sweeping,1
view,1
bring,1
country;,1
works,1
few;,1
guarantee,1
$100 ,1
billion,1
asked,1
street;,1
fossil,1
fuel,1
voting,1
indication,1
sharpest,1
considering,1
retirement,1
gay,1
marriage,1
ban,1
iraq,1
stringent,1
bankruptcy,1
trade,1
bills,1
prohibitions,1
abortion,1
ok,1
30,1
stood,1
families,1
hitting,1
opposition,1
legislation,1
vote,1
sanctioning,1
2016,1
interference,1
urging,1
1995,1
floor,1
senate,1
50,1
defended,1
conducted,1
phoenix,1
washington,1
dc,1
minute,1
crush,1
adjoining,1
spin,1
cycle,1
coda,1
indicate,1
poised,1
dominating,1
wins,1
florida,1
ohio,1
illinois,1
arizona,1
extending,1
count,1
delegates,1
convention,1
july,1
sizable,1
race,1
occasionally,1
mentioned,1
begin,1
interview,1
suggested,1
louisiana,1
delayed,1
turns,1
perhaps,1
nearing,1
conclusion,1
linger,1
suspended,1
'an,1
unlikely,1
internet,1
celebrity,1
shahab,1
overnight,1
sensation,1
tbilisi,1
declaring,1
nurses,1
bursting,1
ushering,1
pleads,1
inspired,1
humorous,1
memes,1
illustrate,1
1918,1
absorbed,1
soviet,1
'i,1
shouts,1
song,1
'he,1
updates,1
drew,1
thank,1
emotions,1
explained,1
sunny,1
balcony,1
express,1
gratitude,1
numerous,1
requests,1
accept,1
limitations,1
application,1
assured,1
expressing,1
disappear,1
newfound,1
fame,1
vlog,1
offered,1
convertible,1
blast,1
sign,1
relishing,1
freedom,1
goodbye,1
announcing,1
arrival,1
nanuka,1
zhorzholiani,1
guest,1
today,1
imagined,1
193km,1
appearances,1
border,1
host,1
dancing,1
stars,1
'canadian,1
photographer,1
captures,1
halos,1
moon,1
hanya,1
izinkan,1
per,1
rumah,1
tangga,1
keluar,1
sekali,1
hari,1
nasty,1
symptom,1
racism,1
michael,1
o'neill,1
won't,1
dwell,1
march's,1
euro,1
semi,1
final,1
bosnia,1
herzegovina,1
khawatir,1
penemuan,1
pada,1
tak,1
pernah,1
ke,1
'your,1
piece,1
sporting,1
history,1
'at,1
backgrounds,1
assaulted,1
verbally,1
abused,1
victims,1
spat,1
treating,1
hate,1
crimes,1
24,1
wednesday,1
student,1
approached,1
20s,1
castle,1
assaulting,1
stealing,1
cap,1
threatening,1
knife,1
investigating,1
2:45,1
gmt,1
sidwell,1
friday,1
pair,1
accusing,1
male,1
0:30,1
sunday,1
35,1
taunted,1
incidents,1
verbal,1
carrier,1
sgt,1
emma,1
storey,1
barrett,1
supported,1
teenagers,1
'in,1
letters,1
writers,1
waihiga,1
mwaura,1
despite,1
enemy,1
ethiopian,1
effort,1
lessen,1
responding,1
repeated,1
singaporean,1
beaten,1
exception,1
shakily,1
circulating,1
bullied,1
begins,1
unidentified,1
shouting:,1
responds,1
realises,1
companion,1
rushes,1
starts,1
back:,1
stops,1
depiction,1
effects,1
allegedly,1
parliament,1
constituency,1
interaction,1
returned,1
celebrating,1
citizens,1
forcefully,1
permission,1
chase,1
stone,1
vicinity,1
embassy,1
responded,1
rational,1
scientific,1
described,1
remarks,1
racist,1
initial,1
equivalent,1
mixed,1
palpable,1
entwined,1
borrowed,1
amount,1
infrastructure,1
projects,1
ordinary,1
woes,1
finger,1
directed,1
frustrations,1
seek,1
opportunities,1
led,1
extraordinary,1
blomfield,1
veteran,1
freelance,1
rank,1
changing,1
hailing,1
apps,1
request,1
informed,1
ferrying,1
roll,1
windows,1
facemasks,1
wound,1
narrative,1
demanding,1
ply,1
route,1
criticism,1
slow,1
educating,1
warning,1
vacuum,1
filled,1
sensitisation,1
late,1
nevertheless,1
lin,1
yimenghan,1
charity,1
witnessed,1
remarkable,1
calmly,1
advice:,1
attitude,1
peaceful,1
flurry,1
misleading,1
relatively,1
continent,1
bottle,1
clean,1
surfaces,1
label,1
cleaner,1
imagine,1
fighting,1
ignorant,1
written,1
container,1
wrote:,1
proven,1
kill,1
officially,1
cleaning,1
reduce,1
coronaviruses,1
sars,1
cov,1
incorrectly,1
catching,1
punch,1
centers,1
examples,1
ones,1
wearing,1
mask,1
styles,1
whiskers,1
zappa,1
approved,1
garibaldi,1
french,1
fork,1
interfere,1
valve,1
properly,1
genuine,1
workers,1
tight,1
fitting,1
contrary,1
recommend,1
headlines,1
generating,1
shares,1
australian,1
7news,1
twitter:,1
unknowingly,1
useful,1
evangelical,1
disinformation,1
kingleo,1
elijah,1
glorious,1
mount,1
possibility,1
uploaded,1
prophetically,1
alleging,1
admitted,1
elija,1
emeka,1
chibuke,1
adeshina,1
adesanya,1
actor,1
popularly,1
ajidara,1
users,1
untrue,1
drove,1
claimed,1
threatened,1
100m,1
nairas,1
$274 ,1
dismissed,1
centre,1
dreaded,1
arrived,1
interactions,1
equally,1
monitored,1
@ogsgofficial,1
original,1
account,1
television,1
ait,1
network,1
adewale,1
isaac,1
olorogun,1
buzzfeed,1
libya,1
completely,1
jude,1
yemisi,1
adegoke,1
shocked,1
contained,1
violent,1
threats,1
haven,1
anywhere,1
friends,1
[the,1
viral],1
easy,1
cope,1
lagos,1
reached,1
denouncing,1
@spokespersongok,1
states,1
63,1
communications,1
training,1
exercise,1
explain,1
existing,1
law,1
kenyans,1
fine,1
$50 ,1
â£39,1
jail,1
sentence,1
@moh_kenya,1
poster,1
medicinal,1
properties,1
traditional,1
spicy,1
dish,1
cape,1
verde,1
tiny,1
portuguese,1
tea,1
prompted,1
rush,1
herb,1
afp,1
thorough,1
crucial,1
'radio,1
biggest,1
headlined,1
travis,1
scott,1
rage,1
ocean,1
april,1
originally,1
texas,1
success,1
existent,1
asia,1
gatherings,1
germany,1
operations,1
coombs,1
emily,1
eavis,1
hard,1
50th,1
anniversary,1
proud,1
crystal,1
ball,1
15,1
worthy,1
farm,1
earth,1
republic,1
reading,1
leeds,1
wireless,1
download,1
latitude,1
none,1
looming,1
uncertainty,1
bought,1
cancellations,1
hill,1
matoma,1
supporting,1
script,1
arena,1
amsterdam,1
copenhagen,1
brussels,1
hamburg,1
bread,1
butter,1
stresses,1
misses,1
whole,1
x,1
y,1
z,1
ripples,1
talent,1
nun,1
sxsw,1
incredibly,1
lined,1
meetings,1
bunch,1
profile,1
unfortunately,1
fallen,1
apart,1
frontman,1
theo,1
polyzoides,1
flights,1
awful,1
involve,1
themselves,1
scenes,1
summer,1
updating,1
hear,1
conjunction,1
purchasing,1
disappointed,1
prioritise,1
16,1
prepare,1
whilst,1
developments,1
newsbeat:,1
welcome,1
accordingly,1
mengatakan,1
warganya,1
akan,1
kembali,1
bekerja,1
secara,1
bertahap,1
'mike,1
discusses,1
role,1
night,1
shelters,1
greater,1
manchester,1
country's,1
belum,1
mengumumkan,1
status,1
internasional,1
'prosecutors,1
failed,1
gain,1
thirds,1
convict,1
'adam,1
walton,1
considers,1
giant,1
nuclear,1
powerhouse,1
solar,1
precise,1
spreads,1
becomes,1
age,1
heavy,1
responsibility,1
likes,1
billions,1
rely,1
territory,1
wanting,1
opposing,1
vaccines,1
mobile,1
scare,1
scanned,1
plenty,1
whom,1
this:,1
perfect,1
emf/5g,1
illnesses,1
scroll,1
links,1
websites,1
connecting,1
rollout,1
originated,1
launches,1
reads,1
publication,1
commenter,1
title,1
e,1
d,1
smart,1
light,1
complex,1
suggestion,1
diamond,1
cruise,1
ship,1
technology,1
connectivity,1
lab,1
deliberately,1
microwave,1
radiation,1
technocracy,1
claims:,1
becoming,1
hunan,1
coronovirus,1
bio,1
purposely,1
accidentally,1
upped,1
combating,1
search,1
reliable,1
vaccination,1
saying:,1
recommends,1
diseases,1
calm,1
meaning,1
site,1
google,1
profiting,1
checkers,1
dubious,1
limits,1
misinform,1
limited,1
supply,1
banned,1
instance,1
guaranteed,1
spokesperson,1
committed,1
timely,1
reducing,1
harmful,1
bans,1
unsubstantiated,1
remove,1
flag,1
promotes,1
mvh,1
marketing,1
spokeswoman,1
spends,1
advertising,1
creators,1
usually,1
placed,1
unsuitable,1
content,1
video:,1
associated,1
fit,1
brand,1
stopping,1
commodity,1
brands,1
pour,1
$4bn,1
â£3,1
15bn,1
marking,1
largest,1
injected,1
$200m,1
produce,1
alcoholic,1
beverage,1
alcohol,1
capitalise,1
legalisation,1
toronto,1
listed,1
stock,1
surged,1
30%,1
6%,1
produces,1
oils,1
soft,1
gel,1
caps,1
injection,1
suite,1
edible,1
bars,1
inhalers,1
pre,1
develop,1
cannabinoid,1
medicines,1
safer,1
mainstream,1
sleeplessness,1
psoriasis,1
[deal],1
warm,1
fully,1
executive,1
bruce,1
linton,1
wine,1
spirits,1
mexico,1
zealand,1
noted,1
signalled,1
attitudes,1
tremendous,1
capabilities,1
legalise,1
recreational,1
ownership,1
38%,1
regulatory,1
approval,1
expected,1
'b,1
cã©line,1
dion,1
azealia,1
bangers,1
'songs,1
lisa,1
loeb,1
pato,1
banton,1
week:,1
stevie,1
'this,1
transcript,1
broadcast,1
march,1
[jingle:,1
ouch],1
email,1
mine,1
ugono,1
uses,1
answer,1
listening,1
finally,1
quick,1
[music],1
restricted,1
provisions,1
accessible,1
suddenly,1
decide,1
book,1
holiday,1
redefinition,1
identity,1
solely,1
ask,1
equal,1
hadn,1
thisâ€¦,1
emotional,1
mum,1
progressive,1
steady,1
mobilities,1
secondary,1
remitting,1
reduces,1
knock,1
reintroduce,1
cells,1
restart,1
intense,1
easier,1
stages,1
bite,1
whatever,1
45,1
difficulty,1
eyes,1
playing,1
optician,1
progressively,1
scan,1
consultant,1
faced,1
brave,1
consultation,1
sticks,1
waste,1
thoughts,1
determined,1
lesson,1
anyway,1
coach,1
sorted,1
touching,1
manifest,1
leg,1
vocabulary,1
difficulties,1
arose,1
concentrated,1
water,1
dilute,1
relieve,1
peeing,1
minutes,1
realised,1
types,1
attempt,1
guessing,1
pass,1
gym,1
core,1
advise,1
intending,1
september,1
flying,1
initially,1
hoping,1
push,1
pieces,1
packed,1
surprisingly,1
german,1
venture,1
chap,1
28,1
missed,1
ah,1
actuallyâ€¦,1
appreciative,1
lazy,1
naturally,1
gave,1
panicky,1
racing,1
extent,1
surprise,1
planes,1
land,1
shanghai,1
novelty,1
haircuts,1
stuck,1
relax,1
anonymous,1
tiring,1
brief,1
constantly,1
tedious,1
badges,1
language,1
greeted,1
travellers,1
happens,1
camaraderie,1
mostly,1
advantage,1
closer,1
quiet,1
selling,1
surrounded,1
flowers,1
respect,1
obscuring,1
crop,1
phones,1
restaurant,1
bizarre,1
bustling,1
city,1
duringâ€¦,1
il,1
sung,1
grandad,1
present,1
birthday,1
celebrations,1
picking,1
gardening,1
orâ€¦,1
environment,1
roads,1
finish,1
kim,1
designed,1
trail,1
itinerary,1
flower,1
exhibition,1
deepest,1
tallest,1
compare,1
tube,1
opulent,1
chandeliers,1
waiting,1
seem,1
cards,1
sterling,1
euros,1
jack,1
cheering,1
hundred,1
disappoint,1
expensive,1
enjoyed,1
english,1
transfixed,1
shaking,1
heads,1
comfortable,1
legs,1
somebody,1
certainly,1
insistent,1
research,1
un,1
charities,1
basically,1
send,1
town,1
lean,1
intrusive,1
lifted,1
hearing,1
sound,1
footage,1
ungrateful,1
lack,1
allows,1
kinds,1
pan,1
mystery,1
lifting,1
foot,1
tend,1
pace,1
fatigue,1
driving,1
partly,1
practice,1
lift,1
victories,1
younger,1
signs,1
lows,1
enduring,1
travelling,1
checked,1
staying,1
eased,1
badly,1
doesn,1
seeing,1
communism,1
capitalism,1
smile,1
experience,1
impossible,1
circle,1
cognitively,1
improved,1
brain,1
fog,1
slowly,1
mentally,1
expectations,1
progression,1
scans,1
reaction,1
guess,1
thrilled,1
conversations,1
wrong,1
contingency,1
traveller,1
reporters,1
infected,1
aggressively,1
refers,1
belongs,1
committee,1
taxonomy,1
researchers,1
confusion,1
stigmatisation,1
stigmatising,1
2019,1
representing,1
31,1
december,1
103,1
16,1
20%,1
62,1
478,1
criticised,1
handling,1
warnings,1
suppressed,1
sparked,1
actions,1
jobs,1
demoted,1
corruption,1
agency,1
li,1
meeting,1
discuss,1
realistic,1
containing,1
resources,1
praised,1
slowing,1
disruption,1
spill,1
worry,1
questions:,1
do:,1
spread:,1
lockdown:,1
impact:,1
speak,1
ways:,1
below:,1
leave,1
telephone,1
selection,1
displaying,1
sending,1
eyewitness,1
endanger,1
unnecessary,1
risks,1
infringe,1
laws,1
read,1
148,1
suspected,1
represents,1
66,1
marie,1
dalton,1
pillay,1
wellbeing,1
visitors,1
paramount,1
importance,1
suffering,1
242,1
declaration,1
additional,1
precautions,1
raised,1
moderate,1
adds:,1
escalate,1
preparation,1
521,1
512,1
nine,1
machinery,1
ordination,1
activated,1
sgorr,1
cobra,1
cobr,1
methods,1
officer,1
ordinates,1
counterparts,1
nations,1
mis,1
awaiting,1
conservative,1
isolated,1
controlled,1
beds,1
wards,1
corroboration,1
840,1
broader,1
definition,1
diagnose,1
rise,1
pushed,1
350,1
seeking,1
clarity,1
attempting,1
trace,1
thomas,1
heathrow,1
stayed,1
arrowe,1
merseyside,1
second,1
milton,1
keynes,1
nhs,1
sir,1
simon,1
stevens,1
stigmatizing,1
elements:,1
web,1
primetime,1
consistent,1
overall,1
thrust:,1
shadowy,1
elites,1
launched,1
slot,1
reporting,1
ambiguous,1
debunk,1
leaving,1
impression,1
kernel,1
truth,1
wilder,1
presence,1
latin,1
hints,1
preside,1
beauty,1
pageants,1
handing,1
winners,1
crowns,1
shape,1
rejecting,1
utter,1
nonsense,1
agree,1
subsequent,1
admit,1
construct,1
uncritically,1
expert,1
artificially,1
intelligence,1
rehashes,1
laboratory,1
biological,1
novel,1
asians,1
ethnic,1
bioweapon,1
concedes,1
refuting,1
adds,1
suggestively:,1
assessments,1
ruled,1
heavily,1
pokazhet,1
openly,1
gist,1
various,1
actors,1
aim,1
variously,1
pharma,1
vaccine,1
weaken,1
geopolitical,1
competitor,1
screens,1
causing,1
rail,1
air,1
curtailed,1
russians,1
siberian,1
sanatorium,1
pray,1
salvation,1
vedomosti,1
temperature,1
checks,1
attending,1
vladimir,1
putin,1
dmitry,1
peskov,1
measure,1
range,1
feature,1
pages,1
newspapers,1
confirmation,1
prospect,1
fledged,1
xi,1
jinping,1
remembered,1
betrayed,1
75s,1
stripping,1
licences,1
speculate,1
contenders,1
succeed,1
runners,1
riders,1
ponders,1
dg,1
monumental,1
task,1
matt,1
cartoon,1
corporation,1
shown,1
whip,1
round,1
departing,1
accompanying,1
caption,1
reads:,1
fiver,1
tenner,1
women,1
hire,1
constitutional,1
duke,1
sussex,1
fascinate,1
exclusively,1
reveal,1
fresh,1
twist,1
row,1
son,1
anne,1
connections,1
sell,1
mail,1
respond,1
buckingham,1
comment,1
carries,1
meghan,1
baby,1
archie,1
harry,1
distance,1
protection,1
describes,1
crackdown,1
terrorism,1
stricter,1
controls,1
tougher,1
punishments,1
dangerous,1
boris,1
blitz,1
terror,1
metro,1
lie,1
genuinely,1
reformed,1
suggestions,1
establish,1
parole,1
professor,1
canter,1
liverpool,1
points,1
readers,1
polygraph,1
foolproof,1
findings,1
admissible,1
courts,1
grounds,1
optimism,1
assessment,1
monetary,1
grow,1
orderly,1
brexit,1
forecast,1
contrast,1
predictions,1
downbeat,1
diverts,1
davos,1
goals,1
forecasts,1
casting,1
opening,1
forum,1
watchdog,1
forced,1
retract,1
38,1
nursing,1
sections,1
faked,1
duplicate,1
78,1
copied,1
pasted,1
inspections,1
40,1
identified,1
immediately,1
activity,1
ponder,1
enormous,1
project,1
detail,1
flagship,1
7,1
million,1
stated,1
narrowing,1
divide,1
hugo,1
blunt:,1
sat,1
fence,1
avoided,1
pm,1
cannot,1
tightrope,1
ducking,1
divisive,1
decisions,1
chelsea,1
potty,1
houseplant,1
category,1
horticultural,1
famously,1
glamorous,1
rhs,1
helena,1
pettit,1
advises,1
cheerily:,1
recognising,1
benefits,1
indoor,1
greenery,1
smells,1
rat,1
roses,1
bid,1
appeal,1
millennials,1
garden,1
hunt,1
turnip,1
tosser,1
features,1
tabloids,1
broadsheets,1
prolific,1
vegetable,1
thrower,1
motorists,1
bridge,1
torquay,1
17,1
november,1
swedes,1
mangel,1
wurzels,1
turnips,1
footballs,1
weaponised,1
whoever,1
caught,1
tragedy,1
occurs,1
n'],1
